{"cameraMode":{"drawMode":0,"name":"Shaded","section":"Shading Mode"},"sceneLighting":true,"audioPlay":false,"sceneViewState":{"m_AlwaysRefresh":true,"showFog":true,"showSkybox":true,"showFlares":true,"showImageEffects":true,"showParticleSystems":true,"showVisualEffectGraphs":true,"m_FxEnabled":true},"in2DMode":false,"pivot":{"x":55.438785552978519,"y":7.873785972595215,"z":-6.166244029998779},"rotation":{"x":-0.00008607204654254019,"y":1.000038743019104,"z":-0.0008108424372039735,"w":0.010341093875467778},"size":0.8660253882408142,"orthographic":false}