{"cameraMode":{"drawMode":0,"name":"Shaded","section":"Shading Mode"},"sceneLighting":false,"audioPlay":false,"sceneViewState":{"m_AlwaysRefresh":true,"showFog":true,"showSkybox":false,"showFlares":true,"showImageEffects":true,"showParticleSystems":true,"showVisualEffectGraphs":true,"m_FxEnabled":true},"in2DMode":false,"pivot":{"x":35.41994857788086,"y":1.6185532808303834,"z":-5.995090484619141},"rotation":{"x":-0.0031979295890778305,"y":-0.9923995733261108,"z":0.12088394910097122,"w":-0.02432558499276638},"size":2.988058567047119,"orthographic":false}