{"cameraMode":{"drawMode":0,"name":"Shaded","section":"Shading Mode"},"sceneLighting":false,"audioPlay":false,"sceneViewState":{"m_AlwaysRefresh":true,"showFog":true,"showSkybox":false,"showFlares":true,"showImageEffects":true,"showParticleSystems":true,"showVisualEffectGraphs":true,"m_FxEnabled":true},"in2DMode":false,"pivot":{"x":37.189998626708987,"y":4.005120277404785,"z":-148.72999572753907},"rotation":{"x":0.06917454302310944,"y":-0.9089997410774231,"z":0.36278870701789858,"w":0.19916115701198579},"size":6.216305732727051,"orthographic":false}